L,u,v,col
9341.57022199546,-3.370648562648931e-12,0.0,white
9100.96205296687,-474.9170435562747,-635.350249130902,aliceblue
8809.518191276267,1008.8647703553196,1668.0042137885869,antiquewhite
8935.225480773472,1065.6983529626743,1674.5947898963586,antiquewhite1
8452.498771345909,1014.910629550502,1609.59231109556,antiquewhite2
7498.378200499403,902.9891968570796,1401.7025937576375,antiquewhite3
5512.0447449413505,605.4412994821879,1027.3461013322294,antiquewhite4
8669.674404031482,-5536.858350494156,2237.022406000431,aquamarine
8669.674404031482,-5536.858350494156,2237.022406000431,aquamarine1
8202.14019538996,-5253.706166573855,2104.2949988399578,aquamarine2
7277.338953434126,-4653.237071830474,1911.171647609985,aquamarine3
5330.488464469565,-3408.6267179915544,1336.878230689052,aquamarine4
9249.917522182908,-811.8799457324717,-175.0021513263234,azure
9249.917522182908,-811.8799457324717,-175.0021513263234,azure1
8752.458823722038,-768.2055698908327,-165.58806274056573,azure2
7766.123829544487,-678.3397385116178,-146.21732461018752,azure3
5688.546350482157,-488.6048819454453,-105.31964231712664,azure4
8997.16897825937,137.6358021985689,1854.876754872662,beige
8664.91909294123,1864.555280180696,2650.6931101770933,bisque
8664.91909294123,1864.555280180696,2650.6931101770933,bisque1
8203.207667126213,1751.6952154068665,2514.8762180608023,bisque2
7268.869122659237,1579.9393943012478,2177.1262068722604,bisque3
5344.523157825133,1096.8238815777936,1662.5399587446489,bisque4
0.0,0.0,0.0,black
8826.373373526147,1389.2692009853158,2429.1263911447486,blanchedalmond
3875.518952443408,-1161.2577384644012,-15649.925027399704,blue
3875.518952443408,-1161.2577384644012,-15649.925027399704,blue1
3666.59469027529,-1098.6558213604376,-14806.25761680056,blue2
3252.198055795396,-974.486308970367,-13132.862042995324,blue3
2379.3079949471944,-712.9341528779397,-9608.001456047594,blue4
4508.91904870321,1889.4254796301952,-12828.78890366306,blueviolet
4114.516390345872,11216.9280109423,2417.828576140416,brown
5826.682897565152,15979.782729226,3444.4702939652793,brown1
5506.726468911116,15177.116541754996,3271.4541844497394,brown2
4886.904824916774,13449.221237488917,2899.0033102747475,brown3
3581.568807191632,9807.318822538413,2113.984834468168,brown4
7389.754440023454,2909.6077147638816,3920.2881702224217,burlywood
8250.500188777123,3275.725827304592,4367.510390606191,burlywood1
7808.557982957907,3092.0373060414245,4116.006382052666,burlywood2
6935.02852779343,2720.2324151922844,3661.636669482374,burlywood3
5072.726527083679,2009.6803732369133,2649.886505208334,burlywood4
6030.390808231104,-3095.807180513374,-847.2389157048207,cadetblue
8604.833489155179,-4224.2873994822285,-1736.4335317009002,cadetblue1
8150.382807119226,-4005.202039781657,-1616.5159495439216,cadetblue2
7224.243391838054,-3554.654822834362,-1456.218321913692,cadetblue3
5302.8254571806265,-2610.408157578389,-1027.8550351965978,cadetblue4
8499.16918003874,-6054.456444915331,10132.42883168826,chartreuse
8499.16918003874,-6054.456444915331,10132.42883168826,chartreuse1
8040.471719224381,-5747.458462175755,9587.988001091557,chartreuse2
7134.981152793386,-5086.220024552037,8506.521240945522,chartreuse3
5224.562177825176,-3730.65582136578,6229.63219123634,chartreuse4
5634.365735906709,9596.805063261769,4871.054106107044,chocolate
6575.414921096965,11263.180321374442,5682.461276999909,chocolate1
6212.821872193996,10710.502621200225,5368.584130193275,chocolate2
5518.121792379492,9463.398038062283,4766.211767944229,chocolate3
4037.11134653288,6948.255335918797,3494.0429588042743,chocolate4
6599.219074226646,10832.02586113655,4553.47303897637,coral
6408.276263199037,11851.68940590194,3869.2528946994503,coral1
6057.315668178183,11252.701277641783,3659.393702968141,coral2
5369.530810862554,10007.305796224342,3231.818921432764,coral3
3936.3566008000594,7292.692807501328,2366.3163154692597,coral4
6102.590858119266,-2406.1836049980025,-8549.691560066058,cornflowerblue
9126.005647394988,566.4745601400859,2136.1600937535636,cornsilk
9126.005647394988,566.4745601400859,2136.1600937535636,cornsilk1
8646.004371210947,508.63701985529974,2076.8525900902177,cornsilk2
7675.789006372684,439.1843106626827,1821.7938257558285,cornsilk3
5630.708271403683,297.8624782641015,1361.0928164396068,cornsilk4
8616.443673657574,-6738.285157166814,-1452.449225963439,cyan
8616.443673657574,-6738.285157166814,-1452.449225963439,cyan1
8152.993039787644,-6375.8545946793465,-1374.3266802901549,cyan2
7233.748999242792,-5656.981622393311,-1219.3723457956582,cyan3
5297.442283111691,-4142.738937221766,-892.9746697253634,cyan4
2379.3079949471944,-712.9341528779397,-9608.001456047594,darkblue
5297.442283111691,-4142.738937221766,-892.9746697253634,darkcyan
5883.465208882585,4579.619302344344,5931.163908438576,darkgoldenrod
7628.531321722474,6010.155265116818,7682.346544211359,darkgoldenrod1
7224.906686345998,5657.807257215034,7280.09346870618,darkgoldenrod2
6409.875331435326,5020.706376267864,6458.868470332428,darkgoldenrod3
4693.0532443747925,3678.8375071807536,4728.998535896049,darkgoldenrod4
6718.082575876182,2.4240352360480156e-12,-4.848070472096031e-12,darkgray
3938.6499835423474,-3762.7539797770287,4811.923099198792,darkgreen
6718.082575876182,2.4240352360480156e-12,-4.848070472096031e-12,darkgrey
7076.462366342461,798.2077254673486,5218.569905583834,darkkhaki
3782.585102384331,5287.0879455204995,-6761.287277690466,darkmagenta
4404.634480139984,-1276.2317433329158,4102.834824695216,darkolivegreen
8834.294119100503,-2592.689909612107,8233.032424898225,darkolivegreen1
8356.003271722318,-2482.640044662931,7809.620544150895,darkolivegreen2
7414.609431312449,-2198.917735424772,6912.7300672398405,darkolivegreen3
5430.901744080703,-1600.492788183592,5063.275958736786,darkolivegreen4
6786.212120336116,10108.963637221552,6272.8841648779,darkorange
6571.281141974235,11340.895877197438,5885.442188709337,darkorange1
6209.064066042822,10781.503125283049,5553.035045120911,darkorange2
5514.628605498972,9529.100271985331,4937.635932877056,darkorange3
4034.7453563658546,6992.831375099401,3610.0475658434816,darkorange4
4593.396782840376,3242.7998420037975,-10687.672628475306,darkorchid
5486.649224474241,3871.239699820776,-12804.955224250612,darkorchid1
5189.107185593949,3644.4078229288502,-12120.6926407055,darkorchid2
4612.482605449884,3275.3224419960825,-10727.886438687452,darkorchid3
3371.6301250292986,2367.2817601642964,-7864.710714259015,darkorchid4
3434.112686867855,11259.81636883651,2427.0732371740983,darkred
6791.425301386427,6430.092977175707,3147.330599402321,darksalmon
6962.736839725198,-2363.5099764775746,3022.5277315826984,darkseagreen
8883.337354147754,-3063.77963137879,3918.053653871878,darkseagreen1
8404.711954963248,-2905.4086163400957,3715.5240307277727,darkseagreen2
7456.878224412078,-2579.8469172896107,3299.1859261652294,darkseagreen3
5460.31436423671,-1894.3454713246256,2422.5460341868356,darkseagreen4
3435.606947747237,-126.1527158691509,-7505.418035644175,darkslateblue
3452.5834778145113,-1799.1723300064868,-387.8147625309951,darkslategray
8834.938646214174,-4629.759635242938,-997.9528384092304,darkslategray1
8359.991766510742,-4378.529691683088,-943.799781874627,darkslategray2
7415.877802301128,-3899.8373725812785,-840.6168099259579,darkslategray3
5430.78752073948,-2857.32076423242,-615.9005200194842,darkslategray4
3452.5834778145113,-1799.1723300064868,-387.8147625309951,darkslategrey
7269.856207831537,-5652.800952727143,-1485.5031993206628,darkturquoise
4383.383171364691,3049.617833362482,-11915.502948347274,darkviolet
5764.290762602556,14089.893963758585,-2117.0807528249547,deeppink
5764.290762602556,14089.893963758585,-2117.0807528249547,deeppink1
5452.426007942099,13347.52442306149,-1990.58575684906,deeppink2
4837.866947955368,11836.794607893557,-1763.1812957325094,deeppink3
3540.0795278574533,8672.638375576858,-1295.1221788602045,deeppink4
7038.222609850568,-4793.995936307084,-6882.480852643872,deepskyblue
7038.222609850568,-4793.995936307084,-6882.480852643872,deepskyblue1
6652.8798620319585,-4527.724503932114,-6536.148490869934,deepskyblue2
5919.967966614208,-4038.9922275471617,-5735.375792870995,deepskyblue3
4323.034055125083,-2942.871077673376,-4241.080409929976,deepskyblue4
4586.453434393569,-1.6548955163763313e-12,-3.3097910327526626e-12,dimgray
4586.453434393569,-1.6548955163763313e-12,-3.3097910327526626e-12,dimgrey
5911.830025705836,-3305.431435653167,-10952.0409469485,dodgerblue
5911.830025705836,-3305.431435653167,-10952.0409469485,dodgerblue1
5584.119435762169,-3115.6834486748803,-10395.353232096964,dodgerblue2
4968.1344291646465,-2782.4628732765796,-9172.876672404702,dodgerblue3
3619.627717756091,-2017.132793097234,-6774.92414796681,dodgerblue4
4283.121807870176,12768.008312680264,2752.1666653010275,firebrick
5710.807088233591,17079.881187317493,3681.598452935967,firebrick1
5398.602609713241,16207.167170596484,3493.4834105314967,firebrick2
4789.956551038034,14371.5731694413,3097.817892677108,firebrick3
3507.998887025906,10504.103228795942,2264.1779396762017,firebrick4
9206.018915661893,341.40294911600506,809.7909377490196,floralwhite
5153.423687351068,-4646.566695590339,5942.169414914521,forestgreen
8299.35919931927,0.0,-5.989190787267257e-12,gainsboro
9150.673845853342,-39.83043048390687,-536.7828607165724,ghostwhite
8246.83164124948,3576.690580075338,8682.106704405482,gold
8246.83164124948,3576.690580075338,8682.106704405482,gold1
7810.383837248746,3358.3402822031635,8226.157219267569,gold2
6926.841484533958,2989.9870025158584,7294.175455028069,gold3
5065.353167527676,2215.4918343326144,5330.441930161267,gold4
6872.850350564586,4679.967482303779,6876.1794871205975,goldenrod
7792.870318826001,5308.018994171258,7801.253752730616,goldenrod1
7370.794004260885,5034.614575382635,7382.619549279406,goldenrod2
6538.658302351935,4470.871916315809,6551.61433111582,goldenrod3
4785.938399151009,3281.809929866898,4789.932907865739,goldenrod4
7379.362405168066,0.0,5.325279732026059e-12,gray
0.0,0.0,0.0,gray0
255.55949550426857,-9.221161172288917e-14,-1.844232234457783e-13,gray1
390.2870215828255,0.0,0.0,gray2
573.8050100690716,-2.0704174849278478e-13,0.0,gray3
688.3064756402442,0.0,-4.967129032153558e-13,gray4
851.9156558721875,-3.073903222610818e-13,0.0,gray5
956.7486335267354,-3.452164175590122e-13,-1.3808656702360488e-12,gray6
1108.9520610690015,0.0,0.0,gray7
1207.5850289354437,4.3572382857794886e-13,0.0,gray8
1351.9433822623218,-4.878115680676029e-13,-9.756231361352057e-13,gray9
1492.5818679941617,-1.0771141913903435e-12,-2.1542283827806875e-12,gray10
1584.5315517939491,0.0,0.0,gray11
1720.04607952456,-1.2412625945878596e-12,-1.2412625945878596e-12,gray12
1808.9280675384496,-1.3054038338067202e-12,-1.3054038338067202e-12,gray13
1940.2683175704624,7.000924320381688e-13,-1.4001848640763376e-12,gray14
2026.6097591482508,0.0,-1.4624927307486802e-12,gray15
2154.4454077342184,-7.773723415134503e-13,-1.5547446830269009e-12,gray16
2238.6280011154786,-8.077473138829233e-13,0.0,gray17
2363.4547531786625,0.0,-1.7055752250151665e-12,gray18
2445.7666662423335,-8.824876013599586e-13,-3.529950405439834e-12,gray19
2567.9651138257873,0.0,0.0,gray20
2688.7349870348007,-9.701560341594086e-13,0.0,gray21
2768.5018261276655,0.0,1.997875406204422e-12,gray22
2887.09575410318,0.0,0.0,gray23
2965.4876173456855,-1.0700146054058422e-12,-2.1400292108116845e-12,gray24
3082.1215308325422,-1.1120987436725473e-12,0.0,gray25
3159.2694066912222,0.0,0.0,gray26
3274.1229319241957,-1.1813771659545265e-12,0.0,gray27
3350.1366046390904,0.0,0.0,gray28
3463.361315399104,-1.24965862935945e-12,-2.4993172587188996e-12,gray29
3575.6721020476048,-1.290182886266002e-12,2.580365772532004e-12,gray30
3650.059387386018,-2.634046982531348e-12,-2.634046982531348e-12,gray31
3760.939788138015,0.0,-2.714063265562794e-12,gray32
3834.408997482993,0.0,-5.5341639012861275e-12,gray33
3943.9618082424136,0.0,-5.6922803700788916e-12,gray34
4016.576991955699,0.0,0.0,gray35
4124.892226186549,0.0,-2.9767077103462568e-12,gray36
4196.70969057568,1.514267210997007e-12,0.0,gray37
4303.86676817519,0.0,0.0,gray38
4374.936366718117,1.578575402820124e-12,0.0,gray39
4481.005835805828,-1.6168476520271801e-12,0.0,gray40
4586.453434393569,-1.6548955163763313e-12,-3.3097910327526626e-12,gray41
4656.4169008270455,0.0,3.360279816108735e-12,gray42
4760.874638075522,1.717830608177256e-12,3.435661216354512e-12,gray43
4830.196431442221,-1.7428434697860617e-12,0.0,gray44
4933.717570577526,0.0,-3.5603924485043594e-12,gray45
5002.431458597577,0.0,0.0,gray46
5105.064233062729,0.0,0.0,gray47
5173.200862032401,0.0,-3.733214360225402e-12,gray48
5274.989138034488,0.0,0.0,gray49
5342.576435647611,-1.9277216951446283e-12,-3.8554433902892566e-12,gray50
5443.560264670144,0.0,-3.928317862151413e-12,gray51
5544.079239344684,0.0,0.0,gray52
5610.839860295479,0.0,-4.049034340250015e-12,gray53
5710.611667331657,-4.1210341625470296e-12,-4.1210341625470296e-12,gray54
5776.885117552283,-2.0844300321393085e-12,0.0,gray55
5875.941889497425,0.0,-4.240343885101667e-12,gray56
5941.748750283441,0.0,0.0,gray57
6040.120173597144,-2.179411158674895e-12,0.0,gray58
6105.479486249232,0.0,0.0,gray59
6203.193063121495,-2.238251523583574e-12,0.0,gray60
6300.524310149575,0.0,-4.546741651620083e-12,gray61
6365.203765628773,0.0,-4.593417255070678e-12,gray62
6461.917179791966,0.0,-4.663210003546834e-12,gray63
6526.192489600994,2.354796978654509e-12,-4.709593957309018e-12,gray64
6622.310880148918,-2.3894786549942795e-12,0.0,gray65
6686.196738014838,0.0,-4.825060217716498e-12,gray66
6781.741416340976,0.0,0.0,gray67
6845.251565310191,-2.4699206665765993e-12,0.0,gray68
6940.2424838889265,-2.5041955256809312e-12,-5.0083910513618624e-12,gray69
7034.91020479637,2.5383537677990068e-12,0.0,gray70
7097.845678128383,0.0,0.0,gray71
7191.989037110697,0.0,-5.190062684203803e-12,gray72
7254.580679386673,0.0,0.0,gray73
7348.216634572715,-2.6514017717317674e-12,0.0,gray74
7410.475417302456,0.0,1.0695464561220272e-11,gray75
7503.619947679303,-2.707474781033807e-12,-1.0829899124135228e-11,gray76
7565.55621712097,2.729822779561703e-12,0.0,gray77
7658.224402667949,-2.7632595443661627e-12,-5.5265190887323255e-12,gray78
7719.847930350704,0.0,0.0,gray79
7812.054023779855,0.0,-5.637529460430397e-12,gray80
7903.989383409792,0.0,5.703874149905324e-12,gray81
7965.131542965105,0.0,-5.747997081559173e-12,gray82
8056.626052435491,0.0,-5.814023633735698e-12,gray83
8117.478498588863,-2.928968747585726e-12,0.0,gray84
8208.544545405637,0.0,-5.923654849430875e-12,gray85
8269.115324472214,-2.9836827236156765e-12,-5.967365447231353e-12,gray86
8359.764672567333,3.016391046477977e-12,0.0,gray87
8420.061430412778,0.0,0.0,gray88
8510.305264783296,0.0,0.0,gray89
8570.33527517212,-3.092369654157311e-12,-6.1847393083146206e-12,gray90
8660.184242416708,-3.1247891816137747e-12,-6.249578363227549e-12,gray91
8749.801189691121,-6.3142499820969856e-12,-6.3142499820969856e-12,gray92
8809.418677993353,-6.357272642416234e-12,-6.357272642416234e-12,gray93
8898.656763683714,-3.2108354288653628e-12,0.0,gray94
8958.024853322378,-3.232256770379941e-12,0.0,gray95
9046.893488864162,0.0,0.0,gray96
9106.018311669892,-3.285656137489118e-12,0.0,gray97
9194.526488554688,-3.317591877638774e-12,-1.3270367510555096e-11,gray98
9253.413905505266,0.0,0.0,gray99
9341.57022199546,-3.370648562648931e-12,0.0,gray100
8344.342843742863,-7971.693188049911,10194.441304816875,green
8344.342843742863,-7971.693188049911,10194.441304816875,green1
7895.500506998035,-7542.895682321801,9646.08214187894,green2
7005.231699397904,-6692.385351912613,8558.423919470872,green3
5129.958762848416,-4900.860150472008,6267.367542694505,green4
8667.620238000665,-4113.352564037815,9836.317596895577,greenyellow
7379.362405168066,0.0,5.325279732026059e-12,grey
0.0,0.0,0.0,grey0
255.55949550426857,-9.221161172288917e-14,-1.844232234457783e-13,grey1
390.2870215828255,0.0,0.0,grey2
573.8050100690716,-2.0704174849278478e-13,0.0,grey3
688.3064756402442,0.0,-4.967129032153558e-13,grey4
851.9156558721875,-3.073903222610818e-13,0.0,grey5
956.7486335267354,-3.452164175590122e-13,-1.3808656702360488e-12,grey6
1108.9520610690015,0.0,0.0,grey7
1207.5850289354437,4.3572382857794886e-13,0.0,grey8
1351.9433822623218,-4.878115680676029e-13,-9.756231361352057e-13,grey9
1492.5818679941617,-1.0771141913903435e-12,-2.1542283827806875e-12,grey10
1584.5315517939491,0.0,0.0,grey11
1720.04607952456,-1.2412625945878596e-12,-1.2412625945878596e-12,grey12
1808.9280675384496,-1.3054038338067202e-12,-1.3054038338067202e-12,grey13
1940.2683175704624,7.000924320381688e-13,-1.4001848640763376e-12,grey14
2026.6097591482508,0.0,-1.4624927307486802e-12,grey15
2154.4454077342184,-7.773723415134503e-13,-1.5547446830269009e-12,grey16
2238.6280011154786,-8.077473138829233e-13,0.0,grey17
2363.4547531786625,0.0,-1.7055752250151665e-12,grey18
2445.7666662423335,-8.824876013599586e-13,-3.529950405439834e-12,grey19
2567.9651138257873,0.0,0.0,grey20
2688.7349870348007,-9.701560341594086e-13,0.0,grey21
2768.5018261276655,0.0,1.997875406204422e-12,grey22
2887.09575410318,0.0,0.0,grey23
2965.4876173456855,-1.0700146054058422e-12,-2.1400292108116845e-12,grey24
3082.1215308325422,-1.1120987436725473e-12,0.0,grey25
3159.2694066912222,0.0,0.0,grey26
3274.1229319241957,-1.1813771659545265e-12,0.0,grey27
3350.1366046390904,0.0,0.0,grey28
3463.361315399104,-1.24965862935945e-12,-2.4993172587188996e-12,grey29
3575.6721020476048,-1.290182886266002e-12,2.580365772532004e-12,grey30
3650.059387386018,-2.634046982531348e-12,-2.634046982531348e-12,grey31
3760.939788138015,0.0,-2.714063265562794e-12,grey32
3834.408997482993,0.0,-5.5341639012861275e-12,grey33
3943.9618082424136,0.0,-5.6922803700788916e-12,grey34
4016.576991955699,0.0,0.0,grey35
4124.892226186549,0.0,-2.9767077103462568e-12,grey36
4196.70969057568,1.514267210997007e-12,0.0,grey37
4303.86676817519,0.0,0.0,grey38
4374.936366718117,1.578575402820124e-12,0.0,grey39
4481.005835805828,-1.6168476520271801e-12,0.0,grey40
4586.453434393569,-1.6548955163763313e-12,-3.3097910327526626e-12,grey41
4656.4169008270455,0.0,3.360279816108735e-12,grey42
4760.874638075522,1.717830608177256e-12,3.435661216354512e-12,grey43
4830.196431442221,-1.7428434697860617e-12,0.0,grey44
4933.717570577526,0.0,-3.5603924485043594e-12,grey45
5002.431458597577,0.0,0.0,grey46
5105.064233062729,0.0,0.0,grey47
5173.200862032401,0.0,-3.733214360225402e-12,grey48
5274.989138034488,0.0,0.0,grey49
5342.576435647611,-1.9277216951446283e-12,-3.8554433902892566e-12,grey50
5443.560264670144,0.0,-3.928317862151413e-12,grey51
5544.079239344684,0.0,0.0,grey52
5610.839860295479,0.0,-4.049034340250015e-12,grey53
5710.611667331657,-4.1210341625470296e-12,-4.1210341625470296e-12,grey54
5776.885117552283,-2.0844300321393085e-12,0.0,grey55
5875.941889497425,0.0,-4.240343885101667e-12,grey56
5941.748750283441,0.0,0.0,grey57
6040.120173597144,-2.179411158674895e-12,0.0,grey58
6105.479486249232,0.0,0.0,grey59
6203.193063121495,-2.238251523583574e-12,0.0,grey60
6300.524310149575,0.0,-4.546741651620083e-12,grey61
6365.203765628773,0.0,-4.593417255070678e-12,grey62
6461.917179791966,0.0,-4.663210003546834e-12,grey63
6526.192489600994,2.354796978654509e-12,-4.709593957309018e-12,grey64
6622.310880148918,-2.3894786549942795e-12,0.0,grey65
6686.196738014838,0.0,-4.825060217716498e-12,grey66
6781.741416340976,0.0,0.0,grey67
6845.251565310191,-2.4699206665765993e-12,0.0,grey68
6940.2424838889265,-2.5041955256809312e-12,-5.0083910513618624e-12,grey69
7034.91020479637,2.5383537677990068e-12,0.0,grey70
7097.845678128383,0.0,0.0,grey71
7191.989037110697,0.0,-5.190062684203803e-12,grey72
7254.580679386673,0.0,0.0,grey73
7348.216634572715,-2.6514017717317674e-12,0.0,grey74
7410.475417302456,0.0,1.0695464561220272e-11,grey75
7503.619947679303,-2.707474781033807e-12,-1.0829899124135228e-11,grey76
7565.55621712097,2.729822779561703e-12,0.0,grey77
7658.224402667949,-2.7632595443661627e-12,-5.5265190887323255e-12,grey78
7719.847930350704,0.0,0.0,grey79
7812.054023779855,0.0,-5.637529460430397e-12,grey80
7903.989383409792,0.0,5.703874149905324e-12,grey81
7965.131542965105,0.0,-5.747997081559173e-12,grey82
8056.626052435491,0.0,-5.814023633735698e-12,grey83
8117.478498588863,-2.928968747585726e-12,0.0,grey84
8208.544545405637,0.0,-5.923654849430875e-12,grey85
8269.115324472214,-2.9836827236156765e-12,-5.967365447231353e-12,grey86
8359.764672567333,3.016391046477977e-12,0.0,grey87
8420.061430412778,0.0,0.0,grey88
8510.305264783296,0.0,0.0,grey89
8570.33527517212,-3.092369654157311e-12,-6.1847393083146206e-12,grey90
8660.184242416708,-3.1247891816137747e-12,-6.249578363227549e-12,grey91
8749.801189691121,-6.3142499820969856e-12,-6.3142499820969856e-12,grey92
8809.418677993353,-6.357272642416234e-12,-6.357272642416234e-12,grey93
8898.656763683714,-3.2108354288653628e-12,0.0,grey94
8958.024853322378,-3.232256770379941e-12,0.0,grey95
9046.893488864162,0.0,0.0,grey96
9106.018311669892,-3.285656137489118e-12,0.0,grey97
9194.526488554688,-3.317591877638774e-12,-1.3270367510555096e-11,grey98
9253.413905505266,0.0,0.0,grey99
9341.57022199546,-3.370648562648931e-12,0.0,grey100
9218.83790054743,-749.4372808948021,958.402963021275,honeydew
9218.83790054743,-749.4372808948021,958.402963021275,honeydew1
8723.048220049428,-709.1214273568188,906.8458354636545,honeydew2
7740.14851913811,-626.0846050850647,800.6558466094687,honeydew3
5669.824422421291,-450.7618381686379,576.4478126867845,honeydew4
6456.732237009058,9730.591189975434,-2743.9437904973975,hotpink
6521.388344115486,9460.072182381198,-2525.3527832751815,hotpink1
6213.172790338888,8796.608362594228,-2154.6282743839965,hotpink2
5581.186863012649,7515.741678487981,-1697.0716538007275,hotpink3
3978.956059977579,5937.677831190338,-1638.272771987709,hotpink4
5413.480043503999,9392.2318531882,2024.5121076128728,indianred
6320.384382249699,12051.005547154464,2597.6154571655297,indianred1
5981.229053280447,11395.277086448354,2456.2720332853823,indianred2
5302.2451388587915,10138.1291812908,2185.291589570319,indianred3
3888.068878364618,7379.01150141852,1590.558917235997,indianred4
9311.099424362408,83.00830537505841,1118.6782337304835,ivory
9311.099424362408,83.00830537505841,1118.6782337304835,ivory1
8810.355183243617,78.54298515739,1058.500441742412,ivory2
7817.260087283625,69.35184543210747,934.6341863431056,ivory3
5725.4093170967835,49.94622427091823,673.110403789584,ivory4
8522.176785289328,1098.3478364979376,6005.062005326371,khaki
8975.329340457074,1076.6708312481471,6659.361663036339,khaki1
8500.881575917405,995.444802600936,6341.853063440436,khaki2
7540.505476017473,888.3987636207978,5599.671752371497,khaki3
5516.145702517744,668.2347108724947,4086.339512436789,khaki4
8645.823039210416,-116.930394899887,-1575.8361412750523,lavender
9008.146766814923,827.4927283656191,-193.83393659167456,lavenderblush
9008.146766814923,827.4927283656191,-193.83393659167456,lavenderblush1
8524.397610835471,780.5272781571186,-209.22668325940356,lavenderblush2
7564.084454394428,691.1915810475632,-161.9537827172304,lavenderblush3
5543.793797645682,494.68348746307566,-145.3857312681014,lavenderblush4
8414.64932715811,-6049.336006421855,10038.366946946073,lawngreen
9142.69163111642,541.0974925581577,3279.9934279702406,lemonchiffon
9142.69163111642,541.0974925581577,3279.9934279702406,lemonchiffon1
8643.260451502732,532.6481124310831,3107.104464411766,lemonchiffon2
7676.4820008152765,452.0086670061541,2741.0765009016277,lemonchiffon3
5639.263128728481,285.6199771352012,2043.098755078038,lemonchiffon4
7962.107151694782,-2260.1005362306046,-1636.781220141393,lightblue
8633.781692047618,-2470.166589527194,-1821.119620644143,lightblue1
8166.566469008939,-2346.3146965114106,-1730.9230486540357,lightblue2
7247.459101759034,-2046.7943301054297,-1534.145825337372,lightblue3
5325.794976225905,-1558.5942154148538,-1061.8928391898537,lightblue4
6489.767950127562,8594.578521028117,1852.576527882942,lightcoral
9158.834670159757,-1629.6797694971997,-351.28034278230723,lightcyan
9158.834670159757,-1629.6797694971997,-351.28034278230723,lightcyan1
8665.897241073619,-1545.3551449430447,-333.10402153637824,lightcyan2
7688.822138589488,-1372.1746943479925,-295.7746705884974,lightcyan3
5630.683860086368,-1007.5230536518584,-217.1733675979152,lightcyan4
8301.771063818947,1586.735299347399,6077.586848696996,lightgoldenrod
8756.563904771221,1729.027522670357,6401.546852275928,lightgoldenrod1
8280.099862362256,1652.149485425448,6032.01564648539,lightgoldenrod2
7357.85141315607,1431.696649927558,5374.195854855595,lightgoldenrod3
5392.6282314473365,1035.609782678508,3940.817119519962,lightgoldenrod4
9118.409427856328,215.0335903963822,2897.943717926056,lightgoldenrodyellow
8026.156824709292,0.0,0.0,lightgray
8201.253561133111,-4555.530953804396,5825.750166909792,lightgreen
8026.156824709292,0.0,0.0,lightgrey
7739.45574816092,4727.767480781579,239.09983895477112,lightpink
7572.30648512941,5369.775911564058,388.4533195267171,lightpink1
7158.075630193182,5101.262637005433,319.5476066304448,lightpink2
6359.808063613546,4494.731771278442,311.4413264899602,lightpink3
4658.521263995273,3285.9518215498897,235.08015622165183,lightpink4
7208.937982072857,7412.33269780605,3856.0250438776056,lightsalmon
7208.937982072857,7412.33269780605,3856.0250438776056,lightsalmon1
6815.074617857793,7038.233678460763,3626.226293375796,lightsalmon2
6058.793437142669,6192.2762578770935,3258.4437674694263,lightsalmon3
4426.1421581607765,4582.84839141308,2390.2542050001953,lightsalmon4
6448.421445638108,-5026.380983502654,-358.7741283237088,lightseagreen
7616.793131364092,-3340.974456533555,-4525.708434422893,lightskyblue
8268.860479777406,-2572.313556173774,-2946.8986815454255,lightskyblue1
7824.316800008616,-2448.0207219290824,-2786.2440471270584,lightskyblue2
6946.83456185648,-2194.280240547672,-2454.774981664506,lightskyblue3
5079.060643881427,-1569.2755177037654,-1826.9172257362084,lightskyblue4
5592.117099402017,-211.4930964806066,-12213.49822585708,lightslateblue
5576.505729397867,-1063.597285953766,-1747.7930086925055,lightslategray
5576.505729397867,-1063.597285953766,-1747.7930086925055,lightslategrey
7504.770103620159,-1208.7617742497048,-2411.8122161999822,lightsteelblue
8382.459157485468,-1352.655738581468,-2707.117837297051,lightsteelblue1
7928.532980857546,-1306.059880778,-2568.459775260388,lightsteelblue2
7037.654930410995,-1160.8086780096482,-2268.938869479421,lightsteelblue3
5161.520993749564,-855.1233006353822,-1636.726715304832,lightsteelblue4
9281.216669826892,168.2409373867683,2267.333055729846,lightyellow
9281.216669826892,168.2409373867683,2267.333055729846,lightyellow1
8781.956586652397,159.54250282337034,2150.1068412006534,lightyellow2
7791.898865079053,141.66586855108616,1909.1887600230664,lightyellow3
5706.424306135782,104.02483324444135,1401.9117266904584,lightyellow4
7036.998999453705,-6347.766725392701,8117.7152421888095,limegreen
8943.407103394564,637.228437470101,874.2842056207039,linen
6155.342453488403,8603.596748127435,-11002.538606300086,magenta
6155.342453488403,8603.596748127435,-11002.538606300086,magenta1
5824.021140541363,8140.4941681822675,-10410.309081405996,magenta2
5166.8526738831815,7221.9404848680415,-9235.634970276416,magenta3
3782.585102384331,5287.0879455204995,-6761.287277690466,magenta4
4442.719634321707,9774.978847678209,-546.4707783290144,maroon
5967.357980546856,11886.218272698248,-4351.704244985802,maroon1
5642.964998804479,11262.923399628036,-4122.376335784087,maroon2
5004.771599754325,9992.23735659794,-3677.764971434609,maroon3
3666.411319503869,7288.358354171426,-2722.2464307281307,maroon4
7277.338953434126,-4653.237071830474,1911.171647609985,mediumaquamarine
3252.198055795396,-974.486308970367,-13132.862042995324,mediumblue
5434.175585097301,4351.40750207174,-8731.326606769897,mediumorchid
6307.2283804464005,5036.160399315989,-10223.933618188035,mediumorchid1
5964.431077163602,4766.840524777281,-9685.052279387835,mediumorchid2
5293.568182168661,4221.975384367267,-8584.606356101871,mediumorchid3
3866.427740321515,3107.7189697919985,-6316.689445854255,mediumorchid4
5513.213046363521,883.5739768537592,-9013.934798586686,mediumpurple
6219.944996884727,1004.0540649446064,-10215.39577393233,mediumpurple1
5874.05909391357,930.700554413082,-9702.134950754253,mediumpurple2
5207.478097932326,836.0860411261473,-8621.127688927734,mediumpurple3
3823.5894220692585,599.5741660580653,-6272.117893172563,mediumpurple4
6397.6498395497365,-5115.981967773565,4238.91153171778,mediumseagreen
5279.717079873046,-193.1687596926967,-11592.070932468989,mediumslateblue
8298.581597336666,-7378.377690778266,5729.802941520407,mediumspringgreen
7385.892515542997,-5275.910383066659,-700.9472649572783,mediumturquoise
4789.440951718067,10473.251430985094,-3263.079986361995,mediumvioletred
2213.8052554471387,-585.8345418799036,-7895.11781510734,midnightblue
9269.242610796164,-522.5810745932533,262.4510306249336,mintcream
8718.993820171192,1627.7122391342325,570.5791850822567,mistyrose
8718.993820171192,1627.7122391342325,570.5791850822567,mistyrose1
8254.211967668287,1528.9288706182076,552.2918913020084,mistyrose2
7313.842291775197,1382.3749762092043,450.99070215117933,mistyrose3
5378.09525223266,952.5232056177892,370.52931510948105,mistyrose4
8640.743703038625,1977.9294014467575,3643.839306115822,moccasin
8503.576694587895,2411.5764352642227,3833.658603969289,navajowhite
8503.576694587895,2411.5764352642227,3833.658603969289,navajowhite1
8041.280858781793,2298.3318179864286,3646.4450490191184,navajowhite2
7150.383259372686,1990.2174263100492,3252.341824087612,navajowhite3
5227.280157662325,1485.8235144144776,2377.175880686321,navajowhite4
2226.483772058532,-667.1420115848683,-8990.874392568701,navy
2226.483772058532,-667.1420115848683,-8990.874392568701,navyblue
9068.318113925843,548.4956876928064,1215.9654650564696,oldlace
5478.307751882365,-1954.7948095100191,5992.74640415419,olivedrab
8758.093483174087,-3134.0946464455583,9597.422087618184,olivedrab1
8286.111009746923,-2976.369067689515,9078.936167913263,olivedrab2
7351.005108876519,-2650.8200489012065,8054.569486078637,olivedrab3
5386.609607744885,-1905.770715878004,5895.996431598072,olivedrab4
7238.087421172637,7781.536573790183,7055.510762533913,orange
7238.087421172637,7781.536573790183,7055.510762533913,orange1
6848.661544451755,7362.725991368388,6675.925675542995,orange2
6083.232718827057,6498.556380973763,5934.823799394487,orange3
4450.483172528794,4776.151408916101,4339.253893082716,orange4
5846.665453796156,16243.50439670878,4488.0955023724255,orangered
5846.665453796156,16243.50439670878,4488.0955023724255,orangered1
5528.480092823118,15395.515707510312,4239.466192199573,orangered2
4903.500360389937,13666.297973068553,3758.843384445991,orangered3
3586.9059292294405,10024.830096891108,2746.191595022918,orangered4
6205.040097090495,5467.094203944998,-6499.195284892837,orchid
7034.718302860209,6208.96213482073,-7343.540553512954,orchid1
6651.068908050383,5895.789324512633,-6934.3494860434885,orchid2
5900.778835163371,5225.204590760325,-6183.325690529284,orchid3
4320.372278969244,3811.875399258077,-4605.429099455736,orchid4
8589.520360116345,701.6594604901995,4406.687304514821,palegoldenrod
8558.972369655867,-4748.249676095844,6072.204672419934,palegreen
8666.05351424927,-4826.554172628262,6172.342820611554,palegreen1
8201.253561133111,-4555.530953804396,5825.750166909792,palegreen2
7276.42415667742,-4043.2475783183954,5170.626759669992,palegreen3
5328.33159773915,-2964.3452719117613,3790.89400066442,palegreen4
8494.941038006567,-3111.6857546190176,-670.7293414157255,paleturquoise
8975.570075253167,-3309.187710125607,-713.3012355565867,paleturquoise1
8490.45439713827,-3153.3674754609115,-679.7139097089307,paleturquoise2
7533.826753906852,-2792.3700576384217,-601.9002808907189,paleturquoise3
5518.858421432295,-2031.2011091700451,-437.8289742832084,paleturquoise4
6012.717640276488,7538.170401367045,-761.3258078169495,palevioletred
6786.2980333586165,8547.803624122109,-867.4056241601041,palevioletred1
6414.537097788387,8126.396431080563,-789.8451872938471,palevioletred2
5687.515704532374,7222.867522249175,-715.8311150945166,palevioletred3
4173.034106165104,5249.233591719142,-507.0204691478609,palevioletred4
8924.239382769778,1106.9161568475386,2101.520236193652,papayawhip
8439.57126273547,2561.96664253894,2839.787588314151,peachpuff
8439.57126273547,2561.96664253894,2839.787588314151,peachpuff1
7976.452945399475,2450.4312356472815,2638.295866445892,peachpuff2
7080.240334465055,2164.64757000865,2350.063596436527,peachpuff3
5192.882849096351,1561.4224184613015,1744.148272717262,peachpuff4
6101.631202722476,6265.301599126696,5025.795280007418,peru
7952.54623820154,3961.09804592404,62.22628571290128,pink
7728.952636766371,4726.991855384561,-122.7462421621571,pink1
7314.739793315511,4466.243960501403,-122.58067864732251,pink2
6477.578948051852,4007.396303429881,-104.07291138642054,pink3
4760.043640436817,2870.51971736468,-106.61518003872254,pink4
7082.709996168997,3189.017954993087,-4078.2121934797015,plum
7987.51672907464,3456.9370211349265,-4420.835163254651,plum1
7547.834210254618,3298.115756695746,-4217.729747618586,plum2
6699.164773071392,2919.471912161934,-3733.508596920424,plum3
4911.86021670419,2120.991379891693,-2712.387647174087,plum4
8159.840784086779,-2472.3853091431356,-1020.46187286495,powderblue
4811.986040740415,2815.1631135539023,-13306.993766704896,purple
4955.950813340648,2051.331909546942,-14161.106504842017,purple1
4687.08682447491,1965.817307686592,-13404.509909234564,purple2
4159.900387972409,1748.4119527396338,-11886.20485907584,purple3
3049.720904936627,1291.0712600895151,-8687.357410872091,purple4
5589.199388693933,18325.944575484053,3950.189609503304,red
5589.199388693933,18325.944575484053,3950.189609503304,red1
5288.272639807672,17339.261772124824,3737.508394537758,red2
4691.391115999314,15382.198342688198,3315.659927613897,red3
3434.112686867855,11259.81636883651,2427.0732371740983,red4
6244.113310656549,3103.697234305723,669.0074018012649,rosybrown
7951.589126873015,4036.185364435997,870.0068595620075,rosybrown1
7520.943040933941,3829.275908686011,825.4071621851489,rosybrown2
6671.920055954383,3400.6493673691707,733.0159567608963,rosybrown3
4883.405604197708,2498.2134419682134,538.4943046256917,rosybrown4
4913.7416449279735,-1896.8205163465825,-11385.099697890466,royalblue
5406.070911915542,-2101.055689048439,-12669.09913074411,royalblue1
5111.512289867786,-1987.99160356982,-11997.4427800816,royalblue2
4541.184117898548,-1765.135051418475,-10622.814764466426,royalblue3
3313.1968044807013,-1286.267457868552,-7808.760701962507,royalblue4
4037.11134653288,6948.255335918797,3494.0429588042743,saddlebrown
6590.071872305454,9722.831311835827,2886.170558044391,salmon
6836.355918572137,9318.206495686863,3918.9200429954194,salmon1
6457.125029907077,8873.117888873096,3681.316173433792,salmon2
5728.733817804353,7876.862746051673,3288.602658391853,salmon3
4195.728884954951,5759.871419540895,2407.690583400993,salmon4
7141.780821648656,6523.41294250162,5206.418261883763,sandybrown
5221.0049967214145,-4193.692613237322,3511.0460276741865,seagreen
8490.760084689226,-6832.419874986257,5748.057405524107,seagreen1
8032.876790359698,-6474.515408314409,5462.8032566853235,seagreen2
7127.570127736959,-5744.88830844338,4813.5466591543445,seagreen3
5221.0049967214145,-4193.692613237322,3511.0460276741865,seagreen4
9097.426777943168,614.7195712405677,648.2586807922456,seashell
9097.426777943168,614.7195712405677,648.2586807922456,seashell1
8614.937984470327,564.8056126045423,644.4177928261712,seashell2
7637.853892549969,516.1796215723973,572.6761708951741,seashell3
5604.759939329745,349.2873289749283,407.6758028151212,seashell4
4577.125749165228,7303.099513407859,3422.588267655555,sienna
6640.1910644137915,10685.946756122095,4975.046227576683,sienna1
6277.242798020878,10144.284730535392,4704.851166011499,sienna2
5565.513556886705,9018.371195505564,4161.102669181252,sienna3
4083.210226145576,6561.620372960051,3088.2138277496797,sienna4
7572.169484203159,-3372.950788731075,-3221.8966458216164,skyblue
7632.408182040083,-3330.6361454336297,-4960.859935486153,skyblue1
7215.52757960287,-3141.4123509556334,-4716.00552389383,skyblue2
6414.792834505716,-2829.16329364719,-4136.411114282406,skyblue3
4686.1280700976395,-2019.721816057512,-3070.9734316766744,skyblue4
4692.382547928017,-181.2052219264069,-10255.975455163423,slateblue
5566.741097679387,-223.35713556885833,-12292.669724702644,slateblue1
5254.030912428122,-205.2974925759806,-11671.93797115076,slateblue2
4665.888610411098,-193.55875815637717,-10338.469486852628,slateblue3
3406.997061313542,-139.574783221671,-7594.17040970475,slateblue4
5311.852230395445,-1013.097361593281,-1664.801544528162,slategray
8382.041088172045,-1588.6138249632438,-2685.4874293493303,slategray1
7933.787072320943,-1496.490260684455,-2533.5135066889643,slategray2
7043.117023559884,-1356.7049087742532,-2232.816601301541,slategray3
5148.946496444683,-963.2113240283912,-1665.487160140111,slategray4
5311.852230395445,-1013.097361593281,-1664.801544528162,slategrey
9226.525564908365,280.8715045818487,60.54234718623027,snow
9226.525564908365,280.8715045818487,60.54234718623027,snow1
8722.559554857597,284.99130600327925,61.43037763406087,snow2
7746.587161436593,234.62852281284057,50.57459107173037,snow3
5691.7978376190495,126.29648230572909,27.22342906069396,snow4
8396.790414958405,-7673.810894982848,7467.051662163737,springgreen
8396.790414958405,-7673.810894982848,7467.051662163737,springgreen1
7944.603403355715,-7263.867613211399,7091.481817316429,springgreen2
7049.183319337299,-6442.8306211276895,6273.434403955548,springgreen3
5162.002939186561,-4719.034322570536,4602.386722677267,springgreen4
5291.704883380679,-2704.6790602192227,-5393.927100930264,steelblue
6992.141044696112,-3574.6070575928384,-7148.322749499507,steelblue1
6621.109139009246,-3401.0007042149896,-6743.772562423526,steelblue2
5869.8204440316285,-3017.984847451991,-5998.549648452833,steelblue3
4290.057814797037,-2184.6231113962904,-4421.326380792621,steelblue4
7213.506062236519,2271.0057184079383,3288.683824873138,tan
7260.466422900939,7496.5153409527775,5950.262266967447,tan1
6869.340518128098,7099.228562095082,5654.156231662951,tan2
6101.631202722476,6265.301599126696,5025.795280007418,tan3
4464.214285707006,4601.745342742187,3661.945556660763,tan4
7646.659642537584,1307.465598053856,-1672.026379214926,thistle
8724.731208700841,1518.394805707131,-1941.7690017880411,thistle1
8255.47573843324,1436.7047792959927,-1837.301336037223,thistle2
7327.193120992081,1268.3909255334172,-1622.056511318886,thistle3
5372.189663858399,913.0116053080918,-1167.5867348837266,thistle4
6191.755381325466,13370.156500166158,4011.592601382009,tomato
6191.755381325466,13370.156500166158,4011.592601382009,tomato1
5853.1729865851385,12687.984697580065,3794.0294685061785,tomato2
5189.714078040972,11273.666410845668,3352.9749772793816,tomato3
3805.11004040262,8225.10576220598,2494.567439720163,tomato4
7762.802803801616,-5852.738927925405,109.4378200018662,turquoise
8370.245702589664,-6441.0164381484055,-2251.108735100703,turquoise1
7928.344144738402,-6104.6561197760475,-2102.6718500045076,turquoise2
7028.00592458493,-5408.596720626378,-1886.5000758855413,turquoise3
5158.475403951274,-3975.073906461577,-1342.7460608085123,turquoise4
6789.760400799171,5410.896755147146,-6919.617711763136,violet
5010.514963125876,10429.446582467375,-3700.77310952364,violetred
5949.13324349172,12987.084763450546,-1764.2554289736847,violetred1
5629.8704951461405,12282.728405765483,-1666.1543110791563,violetred2
4993.400713333933,10923.079738884964,-1428.8502486110076,violetred3
3658.144044170344,7958.118639693475,-1100.016955428748,violetred4
8438.14570194364,1698.468156791735,3356.75857464627,wheat
8711.262761470887,1759.6737344943886,3482.715096387071,wheat1
8251.863714264598,1637.7300218053954,3290.9717662848366,wheat2
7320.614495134611,1455.257334860878,2908.412581484214,wheat3
5358.902873788237,1071.171470485359,2100.9964377345223,wheat4
9046.893488864162,0.0,0.0,whitesmoke
9111.624287060202,740.7650159774306,9983.06971740602,yellow
9111.624287060202,740.7650159774306,9983.06971740602,yellow1
8621.58885543922,700.9256752739584,9446.166776311466,yellow2
7649.614458917327,621.905227691223,8381.231715524118,yellow3
5602.2358860007225,455.45560537391583,6138.039680007895,yellow4
7351.005108876519,-2650.8200489012065,8054.569486078637,yellowgreen
